Niveau;code PCS2020;Libellé long de la nomenclature;libellé court – nomenclature d’usage
1;1000;Agriculteurs exploitants;Agriculteurs
2;1000;Exploitants de l’agriculture, sylviculture, pêche et aquaculture;Agriculteurs
3;10A0;Exploitants agricoles;
4;10A1;Exploitants agricoles en grandes cultures;
4;10A2;Maraîchers, horticulteurs et pépiniéristes;
4;10A3;Viticulteurs, arboriculteurs;
4;10A4;Éleveurs de bovins;
4;10A5;Éleveurs de moutons, chèvres, chevaux et autres herbivores;
4;10A6;Éleveurs de volailles et de porcs;
4;10A7;Autres exploitants agricoles;
3;10B0;Entrepreneurs de travaux agricoles, ruraux et forestiers;
4;10B1;Entrepreneurs de travaux agricoles, ruraux et forestiers;
3;10C0;Entrepreneurs de la pêche et de l’aquaculture;
4;10C1;Entrepreneurs de la pêche et de l’aquaculture;
1;2000;Artisans, commerçants et chefs d’entreprise;Artisans, commerçants et chefs d’entreprise
2;2100;Artisans;Artisans
3;21A0;Entrepreneurs en parcs et jardins, paysagistes;
4;21A1;Entrepreneurs en parcs et jardins, paysagistes;
3;21B0;Artisans du bâtiment et des travaux publics;
4;21B1;Artisans maçons;
4;21B2;Artisans charpentiers, couvreurs;
4;21B3;Artisans menuisiers du bâtiment;
4;21B4;Artisans plombiers, chauffagistes;
4;21B5;Artisans électriciens du bâtiment;
4;21B6;Artisans de la peinture et des finitions du bâtiment;
4;21B7;Artisans tout corps de métier du bâtiment et artisans des travaux publics;
3;21C0;Artisans de la réparation et du travail des matériaux;
4;21C1;Garagistes et autres artisans réparateurs;
4;21C2;Artisans du travail des métaux et du bois;
4;21C3;Artisans de la couture et des autres fabrications;
4;21C4;Artisans d’art;
3;21D0;Artisans de l’alimentation;
4;21D1;Artisans bouchers, charcutiers;
4;21D2;Artisans boulangers, pâtissiers;
3;21E0;Artisans des services;
4;21E1;Conducteurs de taxis, d'ambulances et autres entrepreneurs du transport individuel;
4;21E2;Transporteurs indépendants (routiers, fluviaux, maritimes et aériens);
4;21E3;Artisans coiffeurs;
4;21E4;Esthéticiens et autres artisans des soins corporels;
4;21E5;Artisans du nettoyage, de la récupération et des services divers;
2;2200;Commerçants et assimilés;Commerçants et assimilés
3;22A0;Commerçants de produits alimentaires;
4;22A1;Commerçants de produits alimentaires;
3;22B0;Commerçants de produits non alimentaires;
4;22B1;Commerçants de biens pour le foyer;
4;22B2;Commerçants de biens pour la personne;
4;22B3;Buralistes, marchands de presse et autres commerçants d'articles divers;
3;22C0;Exploitants de cafés, restaurants, hôtels;
4;22C1;Exploitants de cafés, de restaurants;
4;22C2;Exploitants d’hôtels et d’autres hébergements;
3;22D0;Intermédiaires et prestataires de services;
4;22D1;Agents généraux et courtiers d’assurance;
4;22D2;Gérants d'agences immobilières;
4;22D3;Agents commerciaux immobiliers;
4;22D4;Intermédiaires du commerce;
4;22D5;Gestionnaires d’autres établissements de service;
4;22D6;Indépendants d’autres prestations de service;
2;2300;Chefs d’entreprise de plus de 10 personnes;Chefs d’entreprise de plus de 10 personnes
3;23A0;Chefs d’entreprise de 50 personnes et plus;
4;23A1;Chefs d’entreprise de 50 personnes et plus;
3;23B0;Chefs d’entreprise de 11 à 49 personnes;
4;23B1;Chefs d’entreprise du BTP, de 11 à 49 personnes;
4;23B2;Chefs d’entreprise de l’agriculture, de l’industrie et des transports, de 11 à 49 personnes;
4;23B3;Chefs d’entreprise du commerce, de 11 à 49 personnes;
4;23B4;Chefs d’entreprise de services, de 11 à 49 personnes;
1;3000;Cadres et professions intellectuelles supérieures;Cadres
2;3100;Professions libérales;Professions libérales
3;31A0;Professions libérales de santé;
4;31A1;Médecins libéraux spécialistes;
4;31A2;Médecins libéraux généralistes;
4;31A3;Chirurgiens-dentistes;
4;31A4;Psychologues, psychanalystes, psychothérapeutes (non médecins);
4;31A5;Vétérinaires;
4;31A6;Pharmaciens libéraux;
3;31B0;Professions libérales juridiques et techniques;
4;31B1;Avocats;
4;31B2;Notaires;
4;31B3;Experts comptables, comptables agréés libéraux;
4;31B4;Experts libéraux des services administratifs et financiers;
4;31B5;Experts libéraux en études techniques;
4;31B6;Architectes libéraux;
4;31B7;Autres professions libérales judiciaires et techniques;
2;3300;Cadres administratifs et techniques de la fonction publique;Cadres de la fonction publique
3;33A0;Cadres de direction de la fonction publique, magistrats;
4;33A1;Cadres de direction de la fonction publique;
4;33A2;Magistrats;
3;33B0;Ingénieurs et cadres techniques de la fonction publique;
4;33B1;Ingénieurs et cadres techniques de la fonction publique;
3;33C0;Cadres administratifs de la fonction publique;
4;33C1;Cadres administratifs de l’État;
4;33C2;Cadres administratifs des collectivités territoriales et des hôpitaux publics;
3;33D0;Officiers des Armées et de la Gendarmerie (sauf grades de colonels, généraux et équivalents);
4;33D1;Officiers des Armées et de la Gendarmerie (sauf grades de colonels, généraux et équivalents);
3;33E0;Responsables politiques et syndicaux;
4;33E1;Responsables politiques et syndicaux;
2;3400;Professeurs et professions scientifiques supérieures;Professeurs et professions scientifiques
3;34A0;Professions de l’enseignement secondaire général et technologique;
4;34A1;Enseignants titulaires du secondaire général et technologique;
4;34A2;Chefs d'établissement de l'enseignement secondaire, inspecteurs;
4;34A3;Psychologues et conseillers de l'orientation scolaire et professionnelle;
3;34B0;Professions de l’enseignement supérieur et de la recherche publique;
4;34B1;Enseignants du supérieur;
4;34B2;Chercheurs de la recherche publique;
3;34C0;Médecins et pharmaciens salariés;
4;34C1;Médecins salariés hospitaliers;
4;34C2;Médecins salariés non hospitaliers;
4;34C3;Internes en médecine, odontologie et pharmacie;
4;34C4;Pharmaciens salariés;
2;3500;Professions de l’information, de l’art et des spectacles;Professions de l’information, de l’art et des spectacles
3;35A0;Cadres de la documentation et du patrimoine;
4;35A1;Documentalistes, bibliothécaires de la fonction publique et autres cadres du patrimoine;
3;35B0;Journalistes, auteurs;
4;35B1;Journalistes et professions assimilées;
4;35B2;Auteurs littéraires, scénaristes, dialoguistes;
3;35C0;Cadres de la presse, de l'édition, de l'audiovisuel et des spectacles;
4;35C1;Cadres de la presse, de l'édition, responsables de la production et de la programmation audiovisuelle et des spectacles;
4;35C2;Cadres artistiques et technico-artistiques des arts graphiques, du design, de la réalisation audiovisuelle et des spectacles;
3;35D0;Artistes;
4;35D1;Artistes plasticiens;
4;35D2;Artistes de la musique et du chant;
4;35D3;Artistes du théâtre, de la danse et des spectacles divers;
4;35D4;Professeurs d'art (hors établissement scolaire) et directeurs d'établissements d'enseignement artistique;
2;3700;Cadres des services administratifs et commerciaux d’entreprise;Cadres administratifs et commerciaux
3;37A0;Cadres dirigeants des entreprises (fonctions administratives, financières et commerciales);
4;37A1;Cadres dirigeants des entreprises (fonctions administratives, financières et commerciales);
3;37B0;Cadres spécialistes des fonctions administratives et financières (hors banque, assurance, organismes de sécurité sociale);
4;37B1;Chargés d’études socio-économiques et experts du traitement des données;
4;37B2;Cadres de l’organisation, du contrôle des services administratifs et financiers;
4;37B3;Cadres spécialistes des ressources humaines et du recrutement;
4;37B4;Cadres spécialistes de la formation et de la documentation;
4;37B5;Juristes;
3;37C0;Cadres généralistes des services administratifs et financiers;
4;37C1;Cadres généralistes des services financiers et comptables;
4;37C2;Cadres généralistes des services administratifs;
3;37D0;Cadres des services commerciaux et de la communication;
4;37D1;Directeurs de magasins et cadres de l’exploitation du commerce de détail;
4;37D2;Acheteurs du commerce;
4;37D3;Cadres commerciaux (hors banque et assurance);
4;37D4;Chefs de produits et autres cadres du marketing;
4;37D5;Cadres de la communication, de la publicité et des relations publiques;
3;37E0;Cadres des services techniques et commerciaux de la banque, de l’assurance, des organismes de sécurité sociale et de l’immobilier;
4;37E1;Directeurs d'agences de la banque et des assurances;
4;37E2;Cadres commerciaux de la banque et des assurances;
4;37E3;Cadres techniques de la banque, des assurances et des organismes de sécurité sociale;
4;37E4;Cadres de l'immobilier;
3;37F0;Cadres de l'hôtellerie et de la restauration;
4;37F1;Cadres de l'hôtellerie et de la restauration;
2;3800;Ingénieurs et cadres techniques d’entreprise;Cadres techniques d’entreprise
3;38A0;Cadres dirigeants techniques des entreprises;
4;38A1;Cadres dirigeants techniques des entreprises;
3;38B0;Ingénieurs et cadres techniques de l’agriculture, de l’aquaculture, des forêts et de la protection de l’environnement;
4;38B1;Ingénieurs et cadres techniques de l’agriculture, de l’aquaculture, des forêts et de la protection de l’environnement;
3;38C0;Ingénieurs et cadres techniques du BTP;
4;38C1;Ingénieurs et cadres d'études du BTP;
4;38C2;Architectes salariés;
4;38C3;Ingénieurs et cadres de chantier du BTP;
3;38D0;Ingénieurs et cadres techniques de l’industrie;
4;38D1;Ingénieurs et cadres d’études, recherche et développement de l’industrie;
4;38D2;Ingénieurs et cadres de production;
3;38E0;Ingénieurs et cadres techniques des transports (hors logistique);
4;38E1;Ingénieurs et cadres techniques de l’exploitation des transports;
4;38E2;Officiers et cadres navigants de l’aviation civile et de la marine marchande;
3;38F0;Ingénieurs et cadres techniques des fonctions connexes de la production;
4;38F1;Acheteurs et cadres des achats du BTP et de l’industrie;
4;38F2;Ingénieurs et cadres de la logistique, de l’ordonnancement-planification et des méthodes de production;
4;38F3;Ingénieurs et cadres du contrôle-qualité et de la prévention des risques;
4;38F4;Ingénieurs et cadres d'installation et de maintenance (hors informatique);
4;38F5;Ingénieurs commerciaux et cadres technico-commerciaux;
3;38G0;Ingénieurs et cadres techniques de l’informatique;
4;38G1;Chefs de projet, responsables informatiques et du conseil informatique;
4;38G2;Ingénieurs et cadres d’études, de recherche et développement informatique et de production des données;
4;38G3;Ingénieurs et cadres d'exploitation informatique (réseaux, systèmes, sécurité et support);
1;4000;Professions intermédiaires;Professions intermédiaires
2;4200;Professions de l’enseignement primaire et professionnel, de la formation continue et du sport;Professions de l’enseignement primaire et professionnel
3;42A0;Enseignants du primaire et du secondaire professionnel, enseignants non titulaires;
4;42A1;Enseignants titulaires du primaire;
4;42A2;Enseignants titulaires du secondaire professionnel;
4;42A3;Enseignants non titulaires du primaire et du secondaire;
4;42A4;Professeurs de soutien scolaire;
3;42B0;Personnels d’éducation et de surveillance des élèves;
4;42B1;Conseillers principaux d'éducation;
4;42B2;Surveillants scolaires et assistants d’éducation;
3;42C0;Professions de la formation, de la documentation et du sport;
4;42C1;Moniteurs d'écoles de conduite;
4;42C2;Formateurs, bibliothécaires et documentalistes (non cadres);
4;42C3;Éducateurs sportifs, sportifs professionnels;
2;4300;Professions intermédiaires de la santé et du travail social;Intermédiaires de la santé et du travail social
3;43A0;Infirmiers, sage-femmes et cadres de santé;
4;43A1;Cadres de santé;
4;43A2;Sages-femmes;
4;43A3;Infirmiers libéraux;
4;43A4;Infirmiers spécialisés salariés;
4;43A5;Infirmiers en soins généraux salariés;
3;43B0;Spécialistes de la rééducation;
4;43B1;Masseurs-kinésithérapeutes rééducateurs;
4;43B2;Spécialistes de la rééducation de la motricité, du langage et de la vue;
3;43C0;Techniciens médicaux, professions de l’appareillage médical et de la pharmacie;
4;43C1;Techniciens médicaux;
4;43C2;Opticiens, prothésistes et autres spécialistes de l'appareillage médical;
4;43C3;Préparateurs en pharmacie;
3;43D0;Travailleurs sociaux et socio-culturels;
4;43D1;Directeurs et cadres du travail social et de l'animation socio-culturelle;
4;43D2;Assistants de service social, conseillers en économie sociale et familiale;
4;43D3;Éducateurs spécialisés;
4;43D4;Moniteurs éducateurs;
4;43D5;Éducateurs techniques spécialisés, moniteurs d’ateliers;
4;43D6;Éducateurs de jeunes enfants;
4;43D7;Animateurs socio-culturels et de loisirs;
2;4400;Ministres du culte et religieux consacrés;Religieux
3;44A0;Ministres du culte et religieux consacrés;
4;44A1;Ministres du culte et religieux consacrés;
2;4500;Professions intermédiaires de la fonction publique (administration, sécurité);Intermédiaires de la fonction publique
3;45A0;Personnels intermédiaires administratifs de la fonction publique;
4;45A1;Personnels intermédiaires administratifs de l'État;
4;45A2;Personnels intermédiaires administratifs des collectivités territoriales et des hôpitaux publics;
3;45B0;Personnels intermédiaires de la Police, des Armées et de la Gendarmerie;
4;45B1;Personnels de commandement de la Police nationale et de l’administration pénitentiaire;
4;45B2;Sous-officiers supérieurs des Armées et de la Gendarmerie;
2;4600;Professions intermédiaires administratives et commerciales des entreprises;Intermédiaires des entreprises
3;46A0;Professions intermédiaires des services administratifs d’entreprise;
4;46A1;Assistants, secrétaires de direction (non cadres);
4;46A2;Maîtrise et techniciens des services comptables et du traitement des données;
4;46A3;Maîtrise et techniciens des services juridiques et du personnel;
4;46A4;Maîtrise et techniciens des autres services administratifs;
3;46B0;Responsables (non cadres) des magasins de vente et des services commerciaux;
4;46B1;Responsables (non cadres) de magasins;
4;46B2;Responsables (non cadres) d'un secteur ou d'un rayon dans un commerce de détail;
4;46B3;Acheteurs (non cadres) et responsables des achats;
4;46B4;Responsables (non cadres) du marketing et de l’animation commerciale des magasins;
4;46B5;Autres professions intermédiaires des services commerciaux;
3;46C0;Représentants et technico-commerciaux;
4;46C1;Représentants, technico-commerciaux de la vente de biens auprès de professionnels;
4;46C2;Représentants, technico-commerciaux de la vente de services auprès des professionnels;
4;46C3;Représentants, technico-commerciaux auprès des particuliers;
3;46D0;Chargés de clientèle et techniciens de la banque, des assurances et des organismes de sécurité sociale;
4;46D1;Chargés de clientèle de la banque et des assurances;
4;46D2;Techniciens de la banque, des assurances et des organismes de sécurité sociale;
3;46E0;Assistants et techniciens de la création artistique et de la communication;
4;46E1;Assistants de la communication, de la publicité et des relations publiques;
4;46E2;Graphistes et autres professions intermédiaires des arts graphiques, de la mode et de la décoration;
4;46E3;Photographes et assistants techniques de la réalisation des spectacles vivants et audiovisuels;
3;46F0;Responsables (non cadres) des transports et du tourisme;
4;46F1;Responsables (non cadres) des services administratifs et commerciaux des transports et du tourisme;
4;46F2;Responsables (non cadres) d'exploitation des transports;
3;46G0;Responsables (non cadres) de la gestion et des services de l'hôtellerie-restauration;
4;46G1;Responsables (non cadres) de la gestion et des services de l'hôtellerie-restauration;
2;4700;Techniciens;Techniciens
3;47A0;Techniciens de l’agriculture, de l’aquaculture, des forêts et de la protection de l’environnement;
4;47A1;Techniciens de l’agriculture, de l’aquaculture, des forêts et de la protection de l’environnement;
3;47B0;Techniciens du BTP;
4;47B1;Techniciens d’études du BTP;
4;47B2;Techniciens de chantier du BTP;
3;47C0;Techniciens de l’industrie;
4;47C1;Dessinateurs industriels;
4;47C2;Techniciens de recherche et développement de l’industrie;
4;47C3;Techniciens de fabrication industrielle;
3;47D0;Techniciens des fonctions connexes de la production;
4;47D1;Techniciens de la logistique, de l'ordonnancement-planification et des méthodes de production;
4;47D2;Techniciens du contrôle-qualité et de la prévention des risques;
4;47D3;Techniciens d’installation et de maintenance (hors informatique);
3;47E0;Techniciens de l’informatique;
4;47E1;Techniciens d’études, de recherche et développement informatique et de production des données;
4;47E2;Techniciens d'exploitation informatique (réseaux, systèmes, sécurité et support);
3;47F0;Techniciens des laboratoires de recherche publique et de l’enseignement;
4;47F1;Techniciens des laboratoires de recherche publique et de l’enseignement;
2;4800;Agents de maîtrise (hors maîtrise administrative);Agents de maîtrise de production
3;48A0;Agents de maîtrise de l’agriculture, des travaux forestiers et de la pêche;
4;48A1;Agents de maîtrise de l’agriculture, des travaux forestiers et de la pêche;
3;48B0;Agents de maîtrise du BTP;
4;48B1;Conducteurs de travaux (non cadres), chefs de chantier;
3;48C0;Agents de maîtrise de l’industrie;
4;48C1;Agents de maîtrise en fabrication industrielle;
4;48C2;Agents de maîtrise et techniciens en production et distribution d'énergie et d'eau;
3;48D0;Agents de maîtrise en installation et maintenance (hors informatique);
4;48D1;Agents de maîtrise en installation et maintenance (hors informatique);
3;48E0;Responsables (non cadres) d’entrepôt, de magasinage et de manutention;
4;48E1;Responsables (non cadres) d’entrepôt, de magasinage et de manutention;
3;48F0;Chefs de cuisine et responsables de production en restauration;
4;48F1;Chefs de cuisine et responsables de production en restauration;
1;5000;Employés;Employés
2;5200;Employés administratifs de la fonction publique, agents de service et auxiliaires de santé;Employés de la fonction publique
3;52A0;Employés administratifs de la fonction publique;
4;52A1;Agents d'accueil et de guichet des administrations publiques;
4;52A2;Employés de la fonction publique (secrétariat, gestion, comptabilité);
4;52A3;Employés administratifs de la fonction publique à technicité spécifique;
4;52A4;Facteurs et employés du service universel du courrier;
3;52B0;Agents de service de la fonction publique et de la santé;
4;52B1;Agents de service de nettoyage (État, collectivités territoriales);
4;52B2;Agents de service de surveillance et de restauration (État, collectivités territoriales);
4;52B3;Agents de service des établissements de santé;
3;52C0;Aides-soignants, employés d’accueil de la petite enfance et professions assimilées;
4;52C1;Aides-soignants;
4;52C2;Assistants de professions médicales et paramédicales;
4;52C3;Auxiliaires de puériculture;
4;52C4;Agents spécialisés de crèche et des écoles maternelles;
4;52C5;Aides médico-psychologiques et professions assimilées;
4;52C6;Ambulanciers;
2;5300;Policiers, militaires, pompiers, agents de sécurité privée;Policiers, militaires et agents de sécurité privée
3;53A0;Agents de police et de surveillance pénitentiaire;
4;53A1;Personnels d’encadrement et d’application de la Police nationale;
4;53A2;Agents des polices municipales;
4;53A3;Personnels d’encadrement et d’application de l’administration pénitentiaire;
3;53B0;Sous-officiers subalternes et militaires du rang des Armées et de la Gendarmerie;
4;53B1;Gendarmes;
4;53B2;Sous-officiers subalternes des Armées;
4;53B3;Militaires du rang;
3;53C0;Agents de sécurité civile;
4;53C1;Pompiers;
3;53D0;Agents de sécurité et surveillance privées;
4;53D1;Agents de sécurité et surveillance privées;
2;5400;Employés administratifs d'entreprise;Employés administratifs d'entreprise
3;54A0;Employés de l’accueil, du secrétariat et de la comptabilité;
4;54A1;Hôtes d'accueil et standardistes;
4;54A2;Secrétaires, employés de la bureautique;
4;54A3;Employés des services comptables et financiers;
3;54B0;Employés de la banque, des assurances et des organismes de sécurité sociale;
4;54B1;Employés commerciaux de la banque et des assurances;
4;54B2;Employés techniques de la banque, des assurances et des organismes de sécurité sociale;
3;54C0;Employés du transport et du tourisme;
4;54C1;Contrôleurs et agents d'accompagnement des transports et du tourisme;
4;54C2;Employés des services commerciaux des transports de voyageurs et du tourisme;
4;54C3;Employés administratifs d'exploitation des transports de marchandises et de la logistique;
3;54D0;Autres employés administratifs d'entreprise;
4;54D1;Employés administratifs des services commerciaux;
4;54D2;Employés des autres services administratifs;
2;5500;Employés de commerce;Employés de commerce
3;55A0;Vendeurs en produits alimentaires;
4;55A1;Vendeurs en produits alimentaires;
3;55B0;Vendeurs en produits non alimentaires;
4;55B1;Vendeurs de biens pour le foyer;
4;55B2;Vendeurs en produits de beauté, culturels et de loisirs;
4;55B3;Vendeurs en habillement et articles de sport;
4;55B4;Autres vendeurs spécialisés (carburant, tabac, presse);
3;55C0;Vendeurs non spécialisés;
4;55C1;Vendeurs non spécialisés;
3;55D0;Caissiers, employés de libre-service;
4;55D1;Caissiers du commerce;
4;55D2;Employés de libre-service du commerce;
3;55E0;Télévendeurs, téléconseillers;
4;55E1;Télévendeurs, téléconseillers;
2;5600;Personnels des services directs aux particuliers;Personnels des services aux particuliers
3;56A0;Employés de cafés, restaurants et hôtels;
4;56A1;Serveurs;
4;56A2;Employés polyvalents de la restauration, aides de cuisine;
4;56A3;Employés d'accueil et de réception de l'hôtellerie;
4;56A4;Employés d'étage, employés polyvalents de l'hôtellerie;
3;56B0;Employés des soins corporels;
4;56B1;Coiffeurs;
4;56B2;Esthéticiens et autres employés des soins corporels;
3;56C0;Assistants maternels, gardes d'enfants, assistants familiaux;
4;56C1;Assistants familiaux, familles d'accueil;
4;56C2;Assistants maternels agréés;
4;56C3;Autres salariés de particuliers pour la garde d’enfants;
3;56D0;Aides au maintien à domicile des personnes fragiles;
4;56D1;Auxiliaires de vie sociale;
4;56D2;Autres employés d’aide à domicile et accueillants familiaux;
3;56E0;Aides domestiques, concierges;
4;56E1;Employés de maison et personnels de ménage chez des particuliers;
4;56E2;Concierges et gardiens d'immeuble d'habitation;
3;56F0;Autres employés des services aux particuliers;
4;56F1;Autres employés des services aux particuliers;
1;6000;Ouvriers;Ouvriers
2;6200;Ouvriers qualifiés de type industriel;Ouvriers qualifiés de type industriel
3;62A0;Ouvriers qualifiés des travaux publics et des industries extractives;
4;62A1;Conducteurs d’engins de chantier des travaux publics;
4;62A2;Autres ouvriers qualifiés des travaux publics et des industries extractives;
3;62B0;Ouvriers qualifiés de l’électricité, de l’électronique, de la mécanique et du travail des métaux;
4;62B1;Câbleurs en électricité et électronique;
4;62B2;Mécaniciens monteurs, ajusteurs qualifiés;
4;62B3;Ouvriers qualifiés d’usinage des métaux;
4;62B4;Ouvriers qualifiés du traçage, découpage, formage et soudage des métaux;
3;62C0;Ouvriers qualifiés de l’agroalimentaire, de la métallurgie, de la chimie, de la production des matériaux, de l’eau et de l’énergie;
4;62C1;Ouvriers qualifiés de l’agroalimentaire;
4;62C2;Ouvriers qualifiés de la métallurgie, de la production verrière et des matériaux de construction;
4;62C3;Ouvriers qualifiés de la chimie, de la plasturgie et des matériaux composites;
4;62C4;Ouvriers qualifiés de l’eau, de l’énergie et du traitement des déchets;
3;62D0;Ouvriers qualifiés du travail des matériaux souples et des autres industries;
4;62D1;Ouvriers qualifiés du textile, de l’habillement et du cuir;
4;62D2;Ouvriers qualifiés du bois et de la fabrication de papier-carton;
4;62D3;Ouvriers qualifiés de la composition, de l’impression et du façonnage du papier-carton;
3;62E0;Ouvriers qualifiés des fonctions transverses de l’industrie;
4;62E1;Conducteurs qualifiés de lignes de production;
4;62E2;Régleurs qualifiés d’équipements de fabrication;
4;62E3;Ouvriers qualifiés des traitements thermiques et de surface;
4;62E4;Ouvriers qualifiés de contrôle et d’essais et de laboratoire (hors santé, hors imprimerie);
4;62E5;Ouvriers qualifiés de maintenance et d’entretien des équipements industriels;
2;6300;Ouvriers qualifiés de type artisanal;Ouvriers qualifiés de type artisanal
3;63A0;Ouvriers des parcs et jardins;
4;63A1;Ouvriers des parcs et jardins;
3;63B0;Ouvriers qualifiés du bâtiment;
4;63B1;Maçons et ouvriers qualifiés du travail de la pierre;
4;63B2;Charpentiers et couvreurs qualifiés;
4;63B3;Menuisiers qualifiés du bâtiment;
4;63B4;Plombiers, chauffagistes qualifiés;
4;63B5;Électriciens qualifiés du bâtiment;
4;63B6;Peintres et ouvriers qualifiés de la finition du bâtiment;
4;63B7;Ouvriers qualifiés d'entretien général des bâtiments;
3;63C0;Ouvriers qualifiés de la réparation et du travail artisanal des matériaux;
4;63C1;Carrossiers qualifiés d’automobiles;
4;63C2;Réparateurs qualifiés de véhicules et de biens d’équipement du foyer;
4;63C3;Métalliers, ébénistes et autres ouvriers qualifiés du travail des métaux et du bois;
4;63C4;Couturiers et ouvriers qualifiés des autres fabrications;
3;63D0;Ouvriers qualifiés de l’artisanat alimentaire;
4;63D1;Bouchers, charcutiers;
4;63D2;Boulangers, pâtissiers;
3;63E0;Ouvriers qualifiés de la restauration;
4;63E1;Cuisiniers et ouvriers qualifiés de la restauration;
3;63F0;Ouvriers qualifiés de l’art et des spectacles;
4;63F1;Ouvriers d’arts, ouvriers et techniciens des spectacles;
2;6400;Conducteurs de véhicules de transport, chauffeurs-livreurs, coursiers;Conducteurs du transport
3;64A0;Conducteurs de véhicules de transport de personnes;
4;64A1;Conducteurs routiers de transport en commun;
4;64A2;Conducteurs salariés de taxi et d'autres véhicules de transport individuel;
3;64B0;Conducteurs de véhicules de transport de marchandises, livreurs;
4;64B1;Conducteurs de poids lourds;
4;64B2;Chauffeurs-livreurs, conducteurs de la collecte de déchets;
4;64B3;Coursiers, livreurs, distributeurs à domicile;
2;6500;Conducteurs d’engins, caristes, magasiniers et ouvriers du transport (non routier);Conducteurs d’engins et magasiniers
3;65A0;Dockers et conducteurs d’engins lourds de manœuvre et de levage;
4;65A1;Dockers et conducteurs d’engins lourds de manœuvre et de levage;
3;65B0;Caristes;
4;65B1;Caristes;
3;65C0;Magasiniers et ouvriers assimilés de la logistique;
4;65C1;Magasiniers et ouvriers assimilés de la logistique;
3;65D0;Ouvriers qualifiés du transport non routier;
4;65D1;Conducteurs de trains, matelots de la marine marchande;
4;65D2;Ouvriers qualifiés sédentaires d'exploitation des transports;
2;6700;Ouvriers peu qualifiés de type industriel;Ouvriers peu qualifiés de type industriel
3;67A0;Ouvriers peu qualifiés des travaux publics et des industries extractives;
4;67A1;Ouvriers peu qualifiés des travaux publics et des industries extractives;
3;67B0;Ouvriers peu qualifiés de l'électricité, de l'électronique, de la mécanique et du travail des métaux;
4;67B1;Ouvriers peu qualifiés de l'électricité et de l'électronique;
4;67B2;Ouvriers peu qualifiés de montage et contrôle en mécanique;
4;67B3;Ouvriers peu qualifiés du travail des métaux;
3;67C0;Ouvriers peu qualifiés de l’agroalimentaire, de la métallurgie, de la chimie et de la production des matériaux;
4;67C1;Ouvriers peu qualifiés de l’agroalimentaire;
4;67C2;Ouvriers peu qualifiés de la métallurgie, de la production verrière et des matériaux de construction;
4;67C3;Ouvriers peu qualifiés de la chimie, de la plasturgie et des matériaux composites;
3;67D0;Ouvriers peu qualifiés du travail des matériaux souples et des autres industries;
4;67D1;Ouvriers peu qualifiés du textile, de l’habillement et du cuir;
4;67D2;Ouvriers peu qualifiés du bois, de la fabrication de papier-carton et de l’impression;
3;67E0;Ouvriers peu qualifiés du transport et de la logistique;
4;67E1;Ouvriers peu qualifiés de la réception et de l'expédition;
4;67E2;Manutentionnaires peu qualifiés et professions assimilées;
4;67E3;Agents peu qualifiés des services d'exploitation des transports;
2;6800;Ouvriers peu qualifiés de type artisanal;Ouvriers peu qualifiés de type artisanal
3;68A0;Ouvriers peu qualifiés du bâtiment;
4;68A1;Ouvriers peu qualifiés du gros œuvre du bâtiment;
4;68A2;Ouvriers peu qualifiés du second œuvre du bâtiment;
3;68B0;Ouvriers peu qualifiés de la réparation de véhicules et du travail artisanal des matériaux;
4;68B1;Ouvriers peu qualifiés de l’entretien et de la réparation de véhicules;
4;68B2;Ouvriers peu qualifiés du travail artisanal des matériaux;
3;68C0;Apprentis de l’artisanat alimentaire;
4;68C1;Apprentis de l’artisanat alimentaire;
3;68D0;Ouvriers peu qualifiés du nettoyage, de l’assainissement et du traitement des déchets;
4;68D1;Ouvriers du nettoyage;
4;68D2;Ouvriers peu qualifiés de l’assainissement et du traitement des déchets;
2;6900;Ouvriers agricoles, des travaux forestiers, de la pêche et de l’aquaculture;Ouvriers agricoles
3;69A0;Ouvriers agricoles;
4;69A1;Ouvriers agricoles de grandes cultures et de polyculture-élevage;
4;69A2;Ouvriers du maraîchage, de l’horticulture et des pépinières;
4;69A3;Ouvriers de la viticulture et de l’arboriculture fruitière;
4;69A4;Ouvriers de l’élevage;
3;69B0;Ouvriers forestiers;
4;69B1;Ouvriers forestiers;
3;69C0;Ouvriers de la pêche et de l’aquaculture;
4;69C1;Ouvriers de la pêche et de l’aquaculture;
